model,accuracy,precision,recall,f1-score,loss
WE,0.986842,0.979381,0.913462,0.945274,0.209768
GRU,0.980263,0.910798,0.932692,0.921615,0.314652
LSTM,0.974282,0.883721,0.913462,0.898345,0.410002